{"cameraMode":{"drawMode":0,"name":"Shaded","section":"Shading Mode"},"sceneLighting":false,"audioPlay":false,"sceneViewState":{"m_AlwaysRefresh":false,"showFog":false,"showSkybox":false,"showFlares":false,"showImageEffects":false,"showParticleSystems":false,"showVisualEffectGraphs":true,"m_FxEnabled":true},"in2DMode":false,"pivot":{"x":-0.2772889733314514,"y":1.4912470579147339,"z":-0.14018011093139649},"rotation":{"x":0.0018745841225609184,"y":0.9978296756744385,"z":0.03263096511363983,"w":-0.057509101927280429},"size":3.0878782272338869,"orthographic":false}