{"cameraMode":{"drawMode":0,"name":"Shaded","section":"Shading Mode"},"sceneLighting":false,"audioPlay":false,"sceneViewState":{"m_AlwaysRefresh":false,"showFog":false,"showSkybox":false,"showFlares":false,"showImageEffects":false,"showParticleSystems":false,"showVisualEffectGraphs":true,"m_FxEnabled":true},"in2DMode":false,"pivot":{"x":0.3452044129371643,"y":-0.01522883027791977,"z":-0.0739353597164154},"rotation":{"x":0.00891238171607256,"y":-0.9908065795898438,"z":0.08223692327737808,"w":0.10740476846694946},"size":0.2557806074619293,"orthographic":true}