{"cameraMode":{"drawMode":0,"name":"Shaded","section":"Shading Mode"},"sceneLighting":false,"audioPlay":false,"sceneViewState":{"m_AlwaysRefresh":false,"showFog":false,"showSkybox":false,"showFlares":false,"showImageEffects":false,"showParticleSystems":false,"showVisualEffectGraphs":true,"m_FxEnabled":true},"in2DMode":false,"pivot":{"x":-0.01112288236618042,"y":0.9030386805534363,"z":0.06464669853448868},"rotation":{"x":0.0005468045128509402,"y":0.9990341663360596,"z":-0.042294442653656009,"w":0.012918268330395222},"size":1.0107171535491944,"orthographic":false}