{"cameraMode":{"drawMode":0,"name":"Shaded","section":"Shading Mode"},"sceneLighting":true,"audioPlay":false,"sceneViewState":{"m_AlwaysRefresh":false,"showFog":true,"showSkybox":true,"showFlares":true,"showImageEffects":true,"showParticleSystems":true,"showVisualEffectGraphs":true,"m_FxEnabled":true},"in2DMode":false,"pivot":{"x":-33.951637268066409,"y":11.005325317382813,"z":12.39785385131836},"rotation":{"x":0.07523350417613983,"y":-0.9202277064323425,"z":0.21965211629867555,"w":0.3151787519454956},"size":7.0589985847473148,"orthographic":true}